{"dummy": 1, "example_50m_w2_10_1_iqr_norm_False": [75.61, 0.73746, 0.74816]}